{
  "designerVersion" : "1.5.51",
  "id" : "2b5dc070-ae86-4aa1-ade4-d74dc374e7fc",
  "name" : "AresVI",
  "type" : "page",
  "lastUpdate" : 1536207105218,
  "rows" : [ [ {
    "type" : "container",
    "dimension" : {
      "xs" : 12
    },
    "propertyValues" : {
      "cssClasses" : {
        "type" : "constant",
        "value" : ""
      },
      "hidden" : {
        "type" : "expression",
        "value" : "tareas.length == 0"
      },
      "repeatedCollection" : {
        "type" : "variable"
      }
    },
    "reference" : "66ac27d7-3451-4b4b-b7fe-cc0f3284b881",
    "id" : "pbContainer",
    "rows" : [ [ {
      "type" : "component",
      "dimension" : {
        "xs" : 12
      },
      "propertyValues" : {
        "cssClasses" : {
          "type" : "constant",
          "value" : ""
        },
        "hidden" : {
          "type" : "expression",
          "value" : ""
        },
        "text" : {
          "type" : "interpolation",
          "value" : "{{auditProcessRecommendation.recommendation.traceabilityAudit.name}} - {{auditProcessRecommendation.recommendation.traceabilityAudit.creationDate | date: 'dd/MM/yyyy'}}"
        },
        "level" : {
          "type" : "constant",
          "value" : "Level 1"
        },
        "alignment" : {
          "type" : "constant",
          "value" : "left"
        }
      },
      "reference" : "b768a5cd-eb3e-45f6-9470-60df8c7b838f",
      "id" : "pbTitle"
    } ], [ {
      "type" : "component",
      "dimension" : {
        "xs" : 12
      },
      "propertyValues" : {
        "cssClasses" : {
          "type" : "constant",
          "value" : ""
        },
        "hidden" : {
          "type" : "expression",
          "value" : "auditTaskId.value < 0"
        },
        "auditTaskRecommendation" : {
          "type" : "variable",
          "value" : "attributes"
        },
        "auditTaskStandardObservations" : {
          "type" : "variable",
          "value" : "auditTaskStandardObservations"
        }
      },
      "reference" : "827449de-cb85-4701-976d-78e092a1c1fd",
      "id" : "customWidgetAttributeRecommendation"
    } ], [ {
      "type" : "component",
      "dimension" : {
        "xs" : 12
      },
      "propertyValues" : {
        "cssClasses" : {
          "type" : "constant",
          "value" : ""
        },
        "hidden" : {
          "type" : "expression",
          "value" : "auditTaskId.value > 0"
        },
        "text" : {
          "type" : "interpolation",
          "value" : "Finalizar Proceso {{auditProcessRecommendation.auditProcess.name}}"
        },
        "level" : {
          "type" : "constant",
          "value" : "Level 2"
        },
        "alignment" : {
          "type" : "constant",
          "value" : "left"
        }
      },
      "reference" : "30f42cc7-21d1-41ed-9743-01bcedd90d67",
      "id" : "pbTitle"
    } ], [ {
      "type" : "component",
      "dimension" : {
        "xs" : 12
      },
      "propertyValues" : {
        "cssClasses" : {
          "type" : "constant",
          "value" : ""
        },
        "hidden" : {
          "type" : "expression",
          "value" : "resultProcess.id > 0 || auditTaskId.value > 0"
        },
        "auditProcessStandardObservations" : {
          "type" : "variable",
          "value" : "auditProcessStandardObservations"
        },
        "auditProcessRecommendation" : {
          "type" : "variable",
          "value" : "auditProcessRecommendation"
        }
      },
      "reference" : "2e011412-02f5-4cd2-8b93-b573441f352b",
      "id" : "customWidgetProcessRecommendation"
    } ], [ {
      "type" : "component",
      "dimension" : {
        "xs" : 12
      },
      "propertyValues" : {
        "cssClasses" : {
          "type" : "constant",
          "value" : ""
        },
        "hidden" : {
          "type" : "expression",
          "value" : "result.id != 0 || auditTaskId.value < 0"
        },
        "disabled" : {
          "type" : "constant",
          "value" : false
        },
        "label" : {
          "type" : "interpolation",
          "value" : "Guardar Actividad"
        },
        "alignment" : {
          "type" : "constant",
          "value" : "left"
        },
        "buttonStyle" : {
          "type" : "constant",
          "value" : "primary"
        },
        "action" : {
          "type" : "constant",
          "value" : "PUT"
        },
        "url" : {
          "type" : "interpolation",
          "value" : "http://{{hostBackEnd}}:{{portBackEnd}}/api/audit-task-recommendations"
        },
        "dataToSend" : {
          "type" : "expression",
          "value" : "attributes"
        },
        "dataFromSuccess" : {
          "type" : "variable",
          "value" : "result"
        },
        "dataFromError" : {
          "type" : "variable"
        },
        "targetUrlOnSuccess" : {
          "type" : "interpolation"
        },
        "collectionToModify" : {
          "type" : "variable"
        },
        "collectionPosition" : {
          "type" : "constant",
          "value" : "Last"
        },
        "valueToAdd" : {
          "type" : "constant"
        },
        "removeItem" : {
          "type" : "variable"
        }
      },
      "reference" : "29b03869-289f-4a1c-b882-ca9bd9c4c3ba",
      "id" : "pbButton"
    } ], [ {
      "type" : "component",
      "dimension" : {
        "xs" : 12
      },
      "propertyValues" : {
        "cssClasses" : {
          "type" : "constant",
          "value" : ""
        },
        "hidden" : {
          "type" : "expression",
          "value" : "result.id == 0 || auditTaskId.value < 0"
        },
        "disabled" : {
          "type" : "constant",
          "value" : false
        },
        "label" : {
          "type" : "interpolation",
          "value" : "Siguiente Actividad"
        },
        "alignment" : {
          "type" : "constant",
          "value" : "left"
        },
        "buttonStyle" : {
          "type" : "constant",
          "value" : "success"
        },
        "action" : {
          "type" : "constant",
          "value" : "PUT"
        },
        "url" : {
          "type" : "interpolation",
          "value" : "../API/bpm/userTask/{{tareas[0].id}}"
        },
        "dataToSend" : {
          "type" : "constant",
          "value" : "{  \"state\":\"completed\", \"assigned_id\": \"1\" }"
        },
        "dataFromSuccess" : {
          "type" : "variable"
        },
        "dataFromError" : {
          "type" : "variable"
        },
        "targetUrlOnSuccess" : {
          "type" : "interpolation",
          "value" : "./?case_id={{case_id}}"
        },
        "collectionToModify" : {
          "type" : "variable"
        },
        "collectionPosition" : {
          "type" : "constant",
          "value" : "Last"
        },
        "valueToAdd" : {
          "type" : "constant"
        },
        "removeItem" : {
          "type" : "variable"
        }
      },
      "reference" : "f4382bc4-c0e6-4fba-9269-603a619ba208",
      "id" : "pbButton"
    } ], [ {
      "type" : "component",
      "dimension" : {
        "xs" : 12
      },
      "propertyValues" : {
        "cssClasses" : {
          "type" : "constant",
          "value" : ""
        },
        "hidden" : {
          "type" : "expression",
          "value" : "resultProcess.id > 0 || auditTaskId.value > 0"
        },
        "disabled" : {
          "type" : "constant",
          "value" : false
        },
        "label" : {
          "type" : "interpolation",
          "value" : "Guardar Proceso"
        },
        "alignment" : {
          "type" : "constant",
          "value" : "left"
        },
        "buttonStyle" : {
          "type" : "constant",
          "value" : "primary"
        },
        "action" : {
          "type" : "constant",
          "value" : "PUT"
        },
        "url" : {
          "type" : "interpolation",
          "value" : "http://{{hostBackEnd}}:{{portBackEnd}}/api/audit-process-recommendations"
        },
        "dataToSend" : {
          "type" : "expression",
          "value" : "auditProcessRecommendation"
        },
        "dataFromSuccess" : {
          "type" : "variable",
          "value" : "resultProcess"
        },
        "dataFromError" : {
          "type" : "variable"
        },
        "targetUrlOnSuccess" : {
          "type" : "interpolation"
        },
        "collectionToModify" : {
          "type" : "variable"
        },
        "collectionPosition" : {
          "type" : "constant",
          "value" : "Last"
        },
        "valueToAdd" : {
          "type" : "constant"
        },
        "removeItem" : {
          "type" : "variable"
        }
      },
      "reference" : "e988c9d6-e0f6-4963-9b8e-b26ec717e62e",
      "id" : "pbButton"
    } ], [ {
      "type" : "component",
      "dimension" : {
        "xs" : 12
      },
      "propertyValues" : {
        "cssClasses" : {
          "type" : "constant",
          "value" : ""
        },
        "hidden" : {
          "type" : "expression",
          "value" : "resultProcess.id < 1 || auditTaskId.value > 0"
        },
        "disabled" : {
          "type" : "constant",
          "value" : false
        },
        "label" : {
          "type" : "interpolation",
          "value" : "Finalizar Proceso"
        },
        "alignment" : {
          "type" : "constant",
          "value" : "left"
        },
        "buttonStyle" : {
          "type" : "constant",
          "value" : "success"
        },
        "action" : {
          "type" : "constant",
          "value" : "PUT"
        },
        "url" : {
          "type" : "interpolation",
          "value" : "../API/bpm/userTask/{{tareas[0].id}}"
        },
        "dataToSend" : {
          "type" : "constant",
          "value" : "{  \"state\":\"completed\", \"assigned_id\": \"1\" }"
        },
        "dataFromSuccess" : {
          "type" : "variable",
          "value" : ""
        },
        "dataFromError" : {
          "type" : "variable"
        },
        "targetUrlOnSuccess" : {
          "type" : "interpolation",
          "value" : "./?case_id={{case_id}}"
        },
        "collectionToModify" : {
          "type" : "variable"
        },
        "collectionPosition" : {
          "type" : "constant",
          "value" : "Last"
        },
        "valueToAdd" : {
          "type" : "constant"
        },
        "removeItem" : {
          "type" : "variable"
        }
      },
      "reference" : "cd655d83-8cc4-4e5e-b49c-a6a76be106b6",
      "id" : "pbButton"
    } ] ]
  } ], [ {
    "type" : "container",
    "dimension" : {
      "xs" : 12
    },
    "propertyValues" : {
      "cssClasses" : {
        "type" : "constant",
        "value" : ""
      },
      "hidden" : {
        "type" : "expression",
        "value" : "tareas.length > 0"
      },
      "repeatedCollection" : {
        "type" : "variable"
      }
    },
    "reference" : "602c0ae1-6185-4265-8ee4-7187cfc5394c",
    "id" : "pbContainer",
    "rows" : [ [ {
      "type" : "component",
      "dimension" : {
        "xs" : 12
      },
      "propertyValues" : {
        "cssClasses" : {
          "type" : "constant",
          "value" : ""
        },
        "hidden" : {
          "type" : "expression",
          "value" : ""
        },
        "text" : {
          "type" : "interpolation",
          "value" : "Auditoría  de Proceso Finalizada"
        },
        "level" : {
          "type" : "constant",
          "value" : "Level 1"
        },
        "alignment" : {
          "type" : "constant",
          "value" : "center"
        }
      },
      "reference" : "089fd3b5-f41a-486a-91a1-9a9f6f0394a0",
      "id" : "pbTitle"
    } ], [ {
      "type" : "component",
      "dimension" : {
        "xs" : 12
      },
      "propertyValues" : {
        "cssClasses" : {
          "type" : "constant",
          "value" : ""
        },
        "hidden" : {
          "type" : "constant",
          "value" : false
        },
        "text" : {
          "type" : "interpolation",
          "value" : "{{auditProcessRecommendation.auditProcess.name}}"
        },
        "level" : {
          "type" : "constant",
          "value" : "Level 3"
        },
        "alignment" : {
          "type" : "constant",
          "value" : "center"
        }
      },
      "reference" : "cea6cf7d-a40b-483a-97b2-d9601b241433",
      "id" : "pbTitle"
    } ] ]
  } ] ],
  "assets" : [ {
    "id" : "fa0e2977-530f-49b6-9db9-e71d90b5a168",
    "name" : "style.css",
    "type" : "css",
    "order" : 0,
    "external" : false
  } ],
  "inactiveAssets" : [ ],
  "data" : {
    "case_id" : {
      "type" : "urlparameter",
      "value" : "case_id",
      "exposed" : false
    },
    "tareas" : {
      "type" : "url",
      "value" : "../API/bpm/humanTask?f=caseId={{case_id}}&f=user_id=",
      "exposed" : false
    },
    "id" : {
      "type" : "urlparameter",
      "value" : "id",
      "exposed" : false
    },
    "hostBackEnd" : {
      "type" : "constant",
      "value" : "0.0.0.0",
      "exposed" : false
    },
    "portBackEnd" : {
      "type" : "constant",
      "value" : "9090",
      "exposed" : false
    },
    "attributes" : {
      "type" : "url",
      "value" : "http://{{hostBackEnd}}:{{portBackEnd}}/api/bonita-bpm-case/{{case_id}}/audit-task/{{auditTaskId.value}}",
      "exposed" : false
    },
    "auditProcessRecommendation" : {
      "type" : "url",
      "value" : "http://{{hostBackEnd}}:{{portBackEnd}}/api/bonita-bpm-case/{{case_id}}",
      "exposed" : false
    },
    "auditTaskStandardObservations" : {
      "type" : "url",
      "value" : "http://{{hostBackEnd}}:{{portBackEnd}}/api/audit-task-standard-observations?pagination=false",
      "exposed" : false
    },
    "result" : {
      "type" : "json",
      "value" : "{\"id\": 0}",
      "exposed" : false
    },
    "auditTaskId" : {
      "type" : "url",
      "value" : "../API/bpm/activityVariable/{{tareas[0].id}}/audit_task_id",
      "exposed" : false
    },
    "auditProcessStandardObservations" : {
      "type" : "url",
      "value" : "http://{{hostBackEnd}}:{{portBackEnd}}/api/audit-process-standard-observations?pagination=false",
      "exposed" : false
    },
    "resultProcess" : {
      "type" : "json",
      "value" : "{\"id\": 0}",
      "exposed" : false
    }
  }
}