{
  "designerVersion" : "1.5.51",
  "id" : "customWidgetProcessRecommendation",
  "name" : "WidgetProcessRecommendation",
  "lastUpdate" : 1513303003162,
  "template" : "<div class=\"panel panel-default\">\n    <div class=\"panel-body\">\n        <h4>Observaciones:</h4>\n         <select class=\"form-control\" style=\"margin-bottom: 30px;\" name=\"standard_observation\" id=\"field_standard_observation\"\n                    ng-model=\"properties.auditProcessRecommendation.standardObservation\">\n            <option value=\"\"> -- Sin observación predefinida -- </option>\n            <option ng-repeat=\"apso in properties.auditProcessStandardObservations\" value=\"{{apso.observation}}\">{{apso.observation}}</option>\n        </select>\n        <textarea class=\"form-control\" rows=\"5\" style=\"resize: none\" ng-model=\"properties.auditProcessRecommendation.description\" maxlength=\"5000\"></textarea>\n    </div>\n</div>",
  "controller" : "/**\n * The controller is a JavaScript function that augments the AngularJS scope and exposes functions that can be used in the custom widget template\n * \n * Custom widget properties defined on the right can be used as variables in a controller with $scope.properties\n * To use AngularJS standard services, you must declare them in the main function arguments.\n * \n * You can leave the controller empty if you do not need it.\n */\nfunction ($scope) {\n    \n}",
  "custom" : true,
  "properties" : [ {
    "label" : "Audit Process Standard Observations",
    "name" : "auditProcessStandardObservations",
    "caption" : "Audit Process Standard Observations",
    "type" : "text",
    "bond" : "variable"
  }, {
    "label" : "Audit Process Recommendations",
    "name" : "auditProcessRecommendation",
    "caption" : "Audit Process Recommendations",
    "type" : "text",
    "bond" : "variable"
  } ],
  "assets" : [ ],
  "requiredModules" : [ ],
  "type" : "widget",
  "hasHelp" : false
}